Cluster,Politics,Bussiness,Film,Technology,Football
Cluster 1,0.0892125625853,0.369594902139,0.0923987255348,0.418752844788,0.0300409649522
Cluster 2,0.00448275862069,0.0110344827586,0.695517241379,0.15724137931,0.131724137931
Cluster 3,0.347720994475,0.618093922652,0.00241712707182,0.0300414364641,0.00172651933702
Cluster 4,0.935586734694,0.0637755102041,0.0,0.000637755102041,0.0
Cluster 5,0.0,0.000369685767098,0.00480591497227,0.00850277264325,0.986321626617
