Cluster,Politics,Business,Film,Technology,Football
Cluster 0,0.45516613564,0.045516613564,97.4510696404,1.82066454256,0.22758306782
Cluster 1,98.9427860697,0.995024875622,0.0,0.0621890547264,0.0
Cluster 2,0.0,0.0730727073438,0.0365363536719,0.219218122031,99.671172817
Cluster 3,23.4114520416,30.0797294032,2.3677216719,34.7668518966,9.37424498671
Cluster 4,7.12933753943,92.8075709779,0.0,0.0630914826498,0.0
