Cluster,Politics,Bussiness,Film,Technology,Football
Cluster 1,0.935031847134,0.0636942675159,0.000636942675159,0.000636942675159,0.0
Cluster 2,0.00448585231194,0.0110420979986,0.695997239476,0.156659765355,0.131815044859
Cluster 3,0.0,0.000369685767098,0.00480591497227,0.00850277264325,0.986321626617
Cluster 4,0.0880876312186,0.368781378366,0.0921953445915,0.420812414423,0.0301232314012
Cluster 5,0.347691247416,0.618194348725,0.00241212956582,0.0299793246037,0.00172294968987
