My KNeighbors,MultinomialNB,BernoulliNB,KNeighbors (sklearn),RandomForestClassifier,SVM
0.958019156307,0.953283945962,0.912602550795,0.954262672389,0.952876813252,0.950512892799
