MultinomialNB,BernoulliNB,KNeighbors,RandomForestClassifier,SVM
0.950071326676,0.911147340534,0.95394334624,0.949052374159,0.943957611575
