MultinomialNB,BernoulliNB,KNeighbors,RandomForestClassifier,SVM
0.950071326676,0.910943550031,0.953739555737,0.949867536173,0.943957611575
